DepMap_ID,Gene,Status
ACH-000001,TP53,Mut
ACH-000001,FLT3,WT
ACH-000001,NPM1,WT
ACH-000003,TP53,Mut
ACH-000003,FLT3,WT
ACH-000003,NPM1,WT
ACH-000004,TP53,Mut
ACH-000004,FLT3,WT
ACH-000004,NPM1,WT
ACH-000005,TP53,Mut
ACH-000005,FLT3,WT
ACH-000005,NPM1,WT
ACH-000006,TP53,Mut
ACH-000006,FLT3,Mut
ACH-000006,NPM1,WT
ACH-000009,TP53,Mut
ACH-000009,FLT3,WT
ACH-000009,NPM1,WT
ACH-000012,TP53,Mut
ACH-000012,FLT3,WT
ACH-000012,NPM1,WT
ACH-000013,TP53,Mut
ACH-000013,FLT3,WT
ACH-000013,NPM1,WT
ACH-000015,TP53,Mut
ACH-000015,FLT3,WT
ACH-000015,NPM1,WT
ACH-000017,TP53,Mut
ACH-000017,FLT3,WT
ACH-000017,NPM1,WT
ACH-000018,TP53,Mut
ACH-000018,FLT3,WT
ACH-000018,NPM1,WT
ACH-000021,TP53,Mut
ACH-000021,FLT3,WT
ACH-000021,NPM1,WT
ACH-000022,TP53,Mut
ACH-000022,FLT3,WT
ACH-000022,NPM1,WT
ACH-000023,TP53,Mut
ACH-000023,FLT3,WT
ACH-000023,NPM1,WT
ACH-000024,TP53,Mut
ACH-000024,FLT3,WT
ACH-000024,NPM1,WT
ACH-000029,TP53,Mut
ACH-000029,FLT3,WT
ACH-000029,NPM1,WT
ACH-000030,TP53,Mut
ACH-000030,FLT3,WT
ACH-000030,NPM1,WT
ACH-000031,TP53,Mut
ACH-000031,FLT3,WT
ACH-000031,NPM1,WT
ACH-000033,TP53,Mut
ACH-000033,FLT3,WT
ACH-000033,NPM1,WT
ACH-000035,TP53,Mut
ACH-000035,FLT3,WT
ACH-000035,NPM1,WT
ACH-000037,TP53,Mut
ACH-000037,FLT3,WT
ACH-000037,NPM1,WT
ACH-000040,TP53,Mut
ACH-000040,FLT3,WT
ACH-000040,NPM1,WT
ACH-000041,TP53,Mut
ACH-000041,FLT3,WT
ACH-000041,NPM1,WT
ACH-000042,TP53,Mut
ACH-000042,FLT3,WT
ACH-000042,NPM1,WT
ACH-000047,TP53,Mut
ACH-000047,FLT3,WT
ACH-000047,NPM1,WT
ACH-000048,TP53,Mut
ACH-000048,FLT3,WT
ACH-000048,NPM1,WT
ACH-000052,TP53,Mut
ACH-000052,FLT3,WT
ACH-000052,NPM1,WT
ACH-000053,TP53,Mut
ACH-000053,FLT3,WT
ACH-000053,NPM1,WT
ACH-000055,TP53,Mut
ACH-000055,FLT3,WT
ACH-000055,NPM1,WT
ACH-000057,TP53,Mut
ACH-000057,FLT3,WT
ACH-000057,NPM1,WT
ACH-000058,TP53,Mut
ACH-000058,FLT3,WT
ACH-000058,NPM1,WT
ACH-000060,TP53,Mut
ACH-000060,FLT3,WT
ACH-000060,NPM1,WT
ACH-000061,TP53,Mut
ACH-000061,FLT3,WT
ACH-000061,NPM1,WT
ACH-000062,TP53,Mut
ACH-000062,FLT3,WT
ACH-000062,NPM1,WT
ACH-000066,TP53,Mut
ACH-000066,FLT3,WT
ACH-000066,NPM1,WT
ACH-000067,TP53,Mut
ACH-000067,FLT3,WT
ACH-000067,NPM1,Mut
ACH-000068,TP53,Mut
ACH-000068,FLT3,WT
ACH-000068,NPM1,WT
ACH-000072,TP53,Mut
ACH-000072,FLT3,WT
ACH-000072,NPM1,WT
ACH-000074,TP53,Mut
ACH-000074,FLT3,WT
ACH-000074,NPM1,WT
ACH-000076,TP53,Mut
ACH-000076,FLT3,WT
ACH-000076,NPM1,WT
ACH-000079,TP53,Mut
ACH-000079,FLT3,WT
ACH-000079,NPM1,WT
ACH-000082,TP53,Mut
ACH-000082,FLT3,WT
ACH-000082,NPM1,WT
ACH-000085,TP53,Mut
ACH-000085,FLT3,WT
ACH-000085,NPM1,WT
ACH-000087,TP53,Mut
ACH-000087,FLT3,WT
ACH-000087,NPM1,WT
ACH-000089,TP53,Mut
ACH-000089,FLT3,WT
ACH-000089,NPM1,WT
ACH-000090,TP53,Mut
ACH-000090,FLT3,WT
ACH-000090,NPM1,WT
ACH-000091,TP53,Mut
ACH-000091,FLT3,WT
ACH-000091,NPM1,WT
ACH-000094,TP53,Mut
ACH-000094,FLT3,WT
ACH-000094,NPM1,WT
ACH-000096,TP53,Mut
ACH-000096,FLT3,WT
ACH-000096,NPM1,WT
ACH-000098,TP53,Mut
ACH-000098,FLT3,WT
ACH-000098,NPM1,WT
ACH-000100,TP53,Mut
ACH-000100,FLT3,WT
ACH-000100,NPM1,WT
ACH-000101,TP53,Mut
ACH-000101,FLT3,WT
ACH-000101,NPM1,WT
ACH-000102,TP53,Mut
ACH-000102,FLT3,WT
ACH-000102,NPM1,WT
ACH-000103,TP53,Mut
ACH-000103,FLT3,WT
ACH-000103,NPM1,WT
ACH-000104,TP53,Mut
ACH-000104,FLT3,WT
ACH-000104,NPM1,WT
ACH-000107,TP53,Mut
ACH-000107,FLT3,WT
ACH-000107,NPM1,WT
ACH-000108,TP53,Mut
ACH-000108,FLT3,Mut
ACH-000108,NPM1,WT
ACH-000109,TP53,Mut
ACH-000109,FLT3,WT
ACH-000109,NPM1,WT
ACH-000110,TP53,Mut
ACH-000110,FLT3,WT
ACH-000110,NPM1,WT
ACH-000111,TP53,Mut
ACH-000111,FLT3,WT
ACH-000111,NPM1,WT
ACH-000113,TP53,WT
ACH-000113,FLT3,Mut
ACH-000113,NPM1,WT
ACH-000114,TP53,Mut
ACH-000114,FLT3,WT
ACH-000114,NPM1,WT
ACH-000115,TP53,Mut
ACH-000115,FLT3,WT
ACH-000115,NPM1,WT
ACH-000116,TP53,Mut
ACH-000116,FLT3,WT
ACH-000116,NPM1,WT
ACH-000117,TP53,Mut
ACH-000117,FLT3,WT
ACH-000117,NPM1,WT
ACH-000118,TP53,Mut
ACH-000118,FLT3,WT
ACH-000118,NPM1,WT
ACH-000121,TP53,Mut
ACH-000121,FLT3,WT
ACH-000121,NPM1,WT
ACH-000122,TP53,Mut
ACH-000122,FLT3,WT
ACH-000122,NPM1,WT
ACH-000127,TP53,Mut
ACH-000127,FLT3,WT
ACH-000127,NPM1,WT
ACH-000128,TP53,Mut
ACH-000128,FLT3,WT
ACH-000128,NPM1,WT
ACH-000132,TP53,Mut
ACH-000132,FLT3,WT
ACH-000132,NPM1,WT
ACH-000133,TP53,Mut
ACH-000133,FLT3,WT
ACH-000133,NPM1,WT
ACH-000135,TP53,Mut
ACH-000135,FLT3,WT
ACH-000135,NPM1,WT
ACH-000137,TP53,Mut
ACH-000137,FLT3,WT
ACH-000137,NPM1,WT
ACH-000138,TP53,Mut
ACH-000138,FLT3,WT
ACH-000138,NPM1,WT
ACH-000141,TP53,Mut
ACH-000141,FLT3,WT
ACH-000141,NPM1,WT
ACH-000142,TP53,Mut
ACH-000142,FLT3,WT
ACH-000142,NPM1,WT
ACH-000143,TP53,Mut
ACH-000143,FLT3,WT
ACH-000143,NPM1,WT
ACH-000144,TP53,Mut
ACH-000144,FLT3,WT
ACH-000144,NPM1,WT
ACH-000145,TP53,Mut
ACH-000145,FLT3,WT
ACH-000145,NPM1,WT
ACH-000146,TP53,Mut
ACH-000146,FLT3,WT
ACH-000146,NPM1,WT
ACH-000147,TP53,Mut
ACH-000147,FLT3,WT
ACH-000147,NPM1,WT
ACH-000148,TP53,Mut
ACH-000148,FLT3,WT
ACH-000148,NPM1,WT
ACH-000150,TP53,Mut
ACH-000150,FLT3,WT
ACH-000150,NPM1,WT
ACH-000152,TP53,Mut
ACH-000152,FLT3,WT
ACH-000152,NPM1,WT
ACH-000155,TP53,Mut
ACH-000155,FLT3,WT
ACH-000155,NPM1,WT
ACH-000157,TP53,Mut
ACH-000157,FLT3,WT
ACH-000157,NPM1,WT
ACH-000162,TP53,Mut
ACH-000162,FLT3,WT
ACH-000162,NPM1,WT
ACH-000163,TP53,Mut
ACH-000163,FLT3,WT
ACH-000163,NPM1,WT
ACH-000164,TP53,Mut
ACH-000164,FLT3,WT
ACH-000164,NPM1,WT
ACH-000166,TP53,Mut
ACH-000166,FLT3,WT
ACH-000166,NPM1,WT
ACH-000168,TP53,Mut
ACH-000168,FLT3,WT
ACH-000168,NPM1,WT
ACH-000169,TP53,Mut
ACH-000169,FLT3,WT
ACH-000169,NPM1,WT
ACH-000171,TP53,Mut
ACH-000171,FLT3,WT
ACH-000171,NPM1,WT
ACH-000173,TP53,Mut
ACH-000173,FLT3,WT
ACH-000173,NPM1,WT
ACH-000174,TP53,Mut
ACH-000174,FLT3,WT
ACH-000174,NPM1,WT
ACH-000176,TP53,Mut
ACH-000176,FLT3,WT
ACH-000176,NPM1,WT
ACH-000179,TP53,Mut
ACH-000179,FLT3,WT
ACH-000179,NPM1,WT
ACH-000180,TP53,Mut
ACH-000180,FLT3,WT
ACH-000180,NPM1,WT
ACH-000183,TP53,Mut
ACH-000183,FLT3,WT
ACH-000183,NPM1,WT
ACH-000186,TP53,Mut
ACH-000186,FLT3,WT
ACH-000186,NPM1,WT
ACH-000187,TP53,Mut
ACH-000187,FLT3,WT
ACH-000187,NPM1,WT
ACH-000188,TP53,Mut
ACH-000188,FLT3,WT
ACH-000188,NPM1,WT
ACH-000190,TP53,Mut
ACH-000190,FLT3,WT
ACH-000190,NPM1,WT
ACH-000191,TP53,Mut
ACH-000191,FLT3,WT
ACH-000191,NPM1,WT
ACH-000192,TP53,Mut
ACH-000192,FLT3,WT
ACH-000192,NPM1,WT
ACH-000193,TP53,Mut
ACH-000193,FLT3,WT
ACH-000193,NPM1,WT
ACH-000195,TP53,Mut
ACH-000195,FLT3,WT
ACH-000195,NPM1,WT
ACH-000196,TP53,Mut
ACH-000196,FLT3,WT
ACH-000196,NPM1,WT
ACH-000197,TP53,Mut
ACH-000197,FLT3,WT
ACH-000197,NPM1,WT
ACH-000202,TP53,Mut
ACH-000202,FLT3,WT
ACH-000202,NPM1,WT
ACH-000204,TP53,Mut
ACH-000204,FLT3,WT
ACH-000204,NPM1,WT
ACH-000207,TP53,Mut
ACH-000207,FLT3,WT
ACH-000207,NPM1,WT
ACH-000208,TP53,Mut
ACH-000208,FLT3,WT
ACH-000208,NPM1,WT
ACH-000211,TP53,Mut
ACH-000211,FLT3,WT
ACH-000211,NPM1,WT
ACH-000212,TP53,Mut
ACH-000212,FLT3,WT
ACH-000212,NPM1,WT
ACH-000213,TP53,Mut
ACH-000213,FLT3,WT
ACH-000213,NPM1,WT
ACH-000215,TP53,Mut
ACH-000215,FLT3,WT
ACH-000215,NPM1,WT
ACH-000216,TP53,Mut
ACH-000216,FLT3,WT
ACH-000216,NPM1,WT
ACH-000217,TP53,Mut
ACH-000217,FLT3,WT
ACH-000217,NPM1,WT
ACH-000218,TP53,WT
ACH-000218,FLT3,Mut
ACH-000218,NPM1,WT
ACH-000220,TP53,Mut
ACH-000220,FLT3,WT
ACH-000220,NPM1,WT
ACH-000221,TP53,Mut
ACH-000221,FLT3,WT
ACH-000221,NPM1,WT
ACH-000222,TP53,Mut
ACH-000222,FLT3,WT
ACH-000222,NPM1,WT
ACH-000223,TP53,Mut
ACH-000223,FLT3,WT
ACH-000223,NPM1,WT
ACH-000225,TP53,Mut
ACH-000225,FLT3,WT
ACH-000225,NPM1,WT
ACH-000228,TP53,Mut
ACH-000228,FLT3,WT
ACH-000228,NPM1,WT
ACH-000231,TP53,Mut
ACH-000231,FLT3,WT
ACH-000231,NPM1,Mut
ACH-000232,TP53,Mut
ACH-000232,FLT3,WT
ACH-000232,NPM1,WT
ACH-000233,TP53,Mut
ACH-000233,FLT3,WT
ACH-000233,NPM1,WT
ACH-000235,TP53,Mut
ACH-000235,FLT3,WT
ACH-000235,NPM1,WT
ACH-000236,TP53,Mut
ACH-000236,FLT3,WT
ACH-000236,NPM1,WT
ACH-000237,TP53,Mut
ACH-000237,FLT3,WT
ACH-000237,NPM1,WT
ACH-000238,TP53,Mut
ACH-000238,FLT3,WT
ACH-000238,NPM1,WT
ACH-000239,TP53,Mut
ACH-000239,FLT3,WT
ACH-000239,NPM1,WT
ACH-000243,TP53,Mut
ACH-000243,FLT3,WT
ACH-000243,NPM1,WT
ACH-000245,TP53,Mut
ACH-000245,FLT3,WT
ACH-000245,NPM1,WT
ACH-000246,TP53,Mut
ACH-000246,FLT3,WT
ACH-000246,NPM1,WT
ACH-000247,TP53,Mut
ACH-000247,FLT3,WT
ACH-000247,NPM1,WT
ACH-000248,TP53,Mut
ACH-000248,FLT3,WT
ACH-000248,NPM1,WT
ACH-000249,TP53,Mut
ACH-000249,FLT3,WT
ACH-000249,NPM1,WT
ACH-000250,TP53,Mut
ACH-000250,FLT3,WT
ACH-000250,NPM1,WT
ACH-000251,TP53,Mut
ACH-000251,FLT3,WT
ACH-000251,NPM1,WT
ACH-000252,TP53,Mut
ACH-000252,FLT3,WT
ACH-000252,NPM1,WT
ACH-000254,TP53,Mut
ACH-000254,FLT3,WT
ACH-000254,NPM1,WT
ACH-000255,TP53,Mut
ACH-000255,FLT3,WT
ACH-000255,NPM1,WT
ACH-000256,TP53,Mut
ACH-000256,FLT3,WT
ACH-000256,NPM1,WT
ACH-000257,TP53,Mut
ACH-000257,FLT3,WT
ACH-000257,NPM1,WT
ACH-000259,TP53,Mut
ACH-000259,FLT3,WT
ACH-000259,NPM1,WT
ACH-000260,TP53,WT
ACH-000260,FLT3,Mut
ACH-000260,NPM1,WT
ACH-000261,TP53,Mut
ACH-000261,FLT3,WT
ACH-000261,NPM1,WT
ACH-000263,TP53,Mut
ACH-000263,FLT3,WT
ACH-000263,NPM1,WT
ACH-000264,TP53,Mut
ACH-000264,FLT3,WT
ACH-000264,NPM1,WT
ACH-000266,TP53,Mut
ACH-000266,FLT3,WT
ACH-000266,NPM1,WT
ACH-000268,TP53,Mut
ACH-000268,FLT3,WT
ACH-000268,NPM1,WT
ACH-000270,TP53,Mut
ACH-000270,FLT3,WT
ACH-000270,NPM1,WT
ACH-000271,TP53,Mut
ACH-000271,FLT3,WT
ACH-000271,NPM1,WT
ACH-000273,TP53,Mut
ACH-000273,FLT3,WT
ACH-000273,NPM1,WT
ACH-000276,TP53,Mut
ACH-000276,FLT3,WT
ACH-000276,NPM1,WT
ACH-000277,TP53,Mut
ACH-000277,FLT3,WT
ACH-000277,NPM1,WT
ACH-000278,TP53,Mut
ACH-000278,FLT3,WT
ACH-000278,NPM1,WT
ACH-000279,TP53,Mut
ACH-000279,FLT3,WT
ACH-000279,NPM1,WT
ACH-000281,TP53,Mut
ACH-000281,FLT3,WT
ACH-000281,NPM1,WT
ACH-000282,TP53,Mut
ACH-000282,FLT3,WT
ACH-000282,NPM1,WT
ACH-000285,TP53,Mut
ACH-000285,FLT3,WT
ACH-000285,NPM1,WT
ACH-000286,TP53,Mut
ACH-000286,FLT3,WT
ACH-000286,NPM1,WT
ACH-000287,TP53,Mut
ACH-000287,FLT3,WT
ACH-000287,NPM1,WT
ACH-000288,TP53,Mut
ACH-000288,FLT3,WT
ACH-000288,NPM1,WT
ACH-000290,TP53,Mut
ACH-000290,FLT3,WT
ACH-000290,NPM1,WT
ACH-000291,TP53,Mut
ACH-000291,FLT3,WT
ACH-000291,NPM1,WT
ACH-000292,TP53,Mut
ACH-000292,FLT3,WT
ACH-000292,NPM1,WT
ACH-000293,TP53,Mut
ACH-000293,FLT3,WT
ACH-000293,NPM1,WT
ACH-000294,TP53,Mut
ACH-000294,FLT3,WT
ACH-000294,NPM1,WT
ACH-000295,TP53,Mut
ACH-000295,FLT3,WT
ACH-000295,NPM1,WT
ACH-000296,TP53,Mut
ACH-000296,FLT3,WT
ACH-000296,NPM1,WT
ACH-000297,TP53,Mut
ACH-000297,FLT3,WT
ACH-000297,NPM1,WT
ACH-000298,TP53,Mut
ACH-000298,FLT3,WT
ACH-000298,NPM1,WT
ACH-000300,TP53,Mut
ACH-000300,FLT3,WT
ACH-000300,NPM1,WT
ACH-000301,TP53,Mut
ACH-000301,FLT3,WT
ACH-000301,NPM1,WT
ACH-000302,TP53,Mut
ACH-000302,FLT3,WT
ACH-000302,NPM1,WT
ACH-000303,TP53,Mut
ACH-000303,FLT3,WT
ACH-000303,NPM1,WT
ACH-000305,TP53,Mut
ACH-000305,FLT3,WT
ACH-000305,NPM1,WT
ACH-000307,TP53,Mut
ACH-000307,FLT3,WT
ACH-000307,NPM1,WT
ACH-000308,TP53,Mut
ACH-000308,FLT3,WT
ACH-000308,NPM1,WT
ACH-000309,TP53,Mut
ACH-000309,FLT3,WT
ACH-000309,NPM1,WT
ACH-000311,TP53,Mut
ACH-000311,FLT3,WT
ACH-000311,NPM1,WT
ACH-000312,TP53,Mut
ACH-000312,FLT3,WT
ACH-000312,NPM1,WT
ACH-000314,TP53,Mut
ACH-000314,FLT3,WT
ACH-000314,NPM1,WT
ACH-000315,TP53,Mut
ACH-000315,FLT3,WT
ACH-000315,NPM1,WT
ACH-000316,TP53,Mut
ACH-000316,FLT3,WT
ACH-000316,NPM1,WT
ACH-000318,TP53,Mut
ACH-000318,FLT3,WT
ACH-000318,NPM1,WT
ACH-000320,TP53,Mut
ACH-000320,FLT3,WT
ACH-000320,NPM1,WT
ACH-000321,TP53,Mut
ACH-000321,FLT3,WT
ACH-000321,NPM1,WT
ACH-000323,TP53,Mut
ACH-000323,FLT3,WT
ACH-000323,NPM1,WT
ACH-000325,TP53,Mut
ACH-000325,FLT3,WT
ACH-000325,NPM1,WT
ACH-000326,TP53,Mut
ACH-000326,FLT3,WT
ACH-000326,NPM1,WT
ACH-000328,TP53,Mut
ACH-000328,FLT3,WT
ACH-000328,NPM1,WT
ACH-000330,TP53,Mut
ACH-000330,FLT3,WT
ACH-000330,NPM1,WT
ACH-000331,TP53,Mut
ACH-000331,FLT3,WT
ACH-000331,NPM1,WT
ACH-000332,TP53,Mut
ACH-000332,FLT3,WT
ACH-000332,NPM1,WT
ACH-000333,TP53,Mut
ACH-000333,FLT3,WT
ACH-000333,NPM1,WT
ACH-000334,TP53,Mut
ACH-000334,FLT3,WT
ACH-000334,NPM1,WT
ACH-000336,TP53,WT
ACH-000336,FLT3,WT
ACH-000336,NPM1,Mut
ACH-000337,TP53,Mut
ACH-000337,FLT3,WT
ACH-000337,NPM1,WT
ACH-000338,TP53,Mut
ACH-000338,FLT3,WT
ACH-000338,NPM1,WT
ACH-000339,TP53,Mut
ACH-000339,FLT3,WT
ACH-000339,NPM1,WT
ACH-000340,TP53,Mut
ACH-000340,FLT3,WT
ACH-000340,NPM1,WT
ACH-000341,TP53,Mut
ACH-000341,FLT3,WT
ACH-000341,NPM1,WT
ACH-000342,TP53,Mut
ACH-000342,FLT3,WT
ACH-000342,NPM1,WT
ACH-000343,TP53,Mut
ACH-000343,FLT3,WT
ACH-000343,NPM1,WT
ACH-000344,TP53,Mut
ACH-000344,FLT3,WT
ACH-000344,NPM1,WT
ACH-000347,TP53,Mut
ACH-000347,FLT3,WT
ACH-000347,NPM1,WT
ACH-000348,TP53,Mut
ACH-000348,FLT3,WT
ACH-000348,NPM1,WT
ACH-000351,TP53,Mut
ACH-000351,FLT3,WT
ACH-000351,NPM1,WT
ACH-000353,TP53,Mut
ACH-000353,FLT3,WT
ACH-000353,NPM1,WT
ACH-000354,TP53,Mut
ACH-000354,FLT3,WT
ACH-000354,NPM1,WT
ACH-000355,TP53,Mut
ACH-000355,FLT3,WT
ACH-000355,NPM1,WT
ACH-000356,TP53,Mut
ACH-000356,FLT3,WT
ACH-000356,NPM1,WT
ACH-000357,TP53,Mut
ACH-000357,FLT3,WT
ACH-000357,NPM1,WT
ACH-000358,TP53,Mut
ACH-000358,FLT3,WT
ACH-000358,NPM1,WT
ACH-000360,TP53,Mut
ACH-000360,FLT3,WT
ACH-000360,NPM1,WT
ACH-000363,TP53,Mut
ACH-000363,FLT3,WT
ACH-000363,NPM1,WT
ACH-000365,TP53,Mut
ACH-000365,FLT3,WT
ACH-000365,NPM1,WT
ACH-000366,TP53,Mut
ACH-000366,FLT3,WT
ACH-000366,NPM1,WT
ACH-000368,TP53,Mut
ACH-000368,FLT3,WT
ACH-000368,NPM1,WT
ACH-000369,TP53,Mut
ACH-000369,FLT3,WT
ACH-000369,NPM1,WT
ACH-000370,TP53,Mut
ACH-000370,FLT3,WT
ACH-000370,NPM1,WT
ACH-000371,TP53,Mut
ACH-000371,FLT3,WT
ACH-000371,NPM1,WT
ACH-000372,TP53,Mut
ACH-000372,FLT3,WT
ACH-000372,NPM1,WT
ACH-000373,TP53,Mut
ACH-000373,FLT3,WT
ACH-000373,NPM1,WT
ACH-000374,TP53,Mut
ACH-000374,FLT3,WT
ACH-000374,NPM1,WT
ACH-000376,TP53,Mut
ACH-000376,FLT3,WT
ACH-000376,NPM1,WT
ACH-000377,TP53,Mut
ACH-000377,FLT3,WT
ACH-000377,NPM1,WT
ACH-000378,TP53,Mut
ACH-000378,FLT3,WT
ACH-000378,NPM1,WT
ACH-000379,TP53,Mut
ACH-000379,FLT3,WT
ACH-000379,NPM1,WT
ACH-000380,TP53,Mut
ACH-000380,FLT3,WT
ACH-000380,NPM1,WT
ACH-000381,TP53,Mut
ACH-000381,FLT3,WT
ACH-000381,NPM1,WT
ACH-000382,TP53,Mut
ACH-000382,FLT3,WT
ACH-000382,NPM1,WT
ACH-000383,TP53,Mut
ACH-000383,FLT3,WT
ACH-000383,NPM1,WT
ACH-000386,TP53,Mut
ACH-000386,FLT3,WT
ACH-000386,NPM1,WT
ACH-000387,TP53,Mut
ACH-000387,FLT3,Mut
ACH-000387,NPM1,WT
ACH-000388,TP53,Mut
ACH-000388,FLT3,WT
ACH-000388,NPM1,WT
ACH-000390,TP53,Mut
ACH-000390,FLT3,WT
ACH-000390,NPM1,WT
ACH-000391,TP53,Mut
ACH-000391,FLT3,WT
ACH-000391,NPM1,WT
ACH-000392,TP53,Mut
ACH-000392,FLT3,WT
ACH-000392,NPM1,WT
ACH-000393,TP53,Mut
ACH-000393,FLT3,WT
ACH-000393,NPM1,WT
ACH-000395,TP53,Mut
ACH-000395,FLT3,WT
ACH-000395,NPM1,WT
ACH-000396,TP53,Mut
ACH-000396,FLT3,WT
ACH-000396,NPM1,WT
ACH-000397,TP53,Mut
ACH-000397,FLT3,WT
ACH-000397,NPM1,WT
ACH-000398,TP53,Mut
ACH-000398,FLT3,WT
ACH-000398,NPM1,WT
ACH-000399,TP53,Mut
ACH-000399,FLT3,WT
ACH-000399,NPM1,WT
ACH-000401,TP53,Mut
ACH-000401,FLT3,WT
ACH-000401,NPM1,WT
ACH-000402,TP53,Mut
ACH-000402,FLT3,WT
ACH-000402,NPM1,WT
ACH-000403,TP53,Mut
ACH-000403,FLT3,WT
ACH-000403,NPM1,WT
ACH-000405,TP53,Mut
ACH-000405,FLT3,WT
ACH-000405,NPM1,WT
ACH-000406,TP53,Mut
ACH-000406,FLT3,WT
ACH-000406,NPM1,WT
ACH-000407,TP53,Mut
ACH-000407,FLT3,WT
ACH-000407,NPM1,WT
ACH-000408,TP53,Mut
ACH-000408,FLT3,WT
ACH-000408,NPM1,WT
ACH-000409,TP53,Mut
ACH-000409,FLT3,WT
ACH-000409,NPM1,WT
ACH-000410,TP53,WT
ACH-000410,FLT3,Mut
ACH-000410,NPM1,WT
ACH-000412,TP53,Mut
ACH-000412,FLT3,WT
ACH-000412,NPM1,WT
ACH-000415,TP53,Mut
ACH-000415,FLT3,WT
ACH-000415,NPM1,WT
ACH-000416,TP53,Mut
ACH-000416,FLT3,WT
ACH-000416,NPM1,WT
ACH-000418,TP53,Mut
ACH-000418,FLT3,WT
ACH-000418,NPM1,WT
ACH-000419,TP53,Mut
ACH-000419,FLT3,WT
ACH-000419,NPM1,WT
ACH-000420,TP53,Mut
ACH-000420,FLT3,WT
ACH-000420,NPM1,WT
ACH-000421,TP53,Mut
ACH-000421,FLT3,WT
ACH-000421,NPM1,WT
ACH-000422,TP53,Mut
ACH-000422,FLT3,WT
ACH-000422,NPM1,WT
ACH-000423,TP53,Mut
ACH-000423,FLT3,WT
ACH-000423,NPM1,WT
ACH-000424,TP53,Mut
ACH-000424,FLT3,WT
ACH-000424,NPM1,WT
ACH-000426,TP53,Mut
ACH-000426,FLT3,WT
ACH-000426,NPM1,WT
ACH-000427,TP53,Mut
ACH-000427,FLT3,WT
ACH-000427,NPM1,WT
ACH-000429,TP53,Mut
ACH-000429,FLT3,WT
ACH-000429,NPM1,WT
ACH-000430,TP53,Mut
ACH-000430,FLT3,WT
ACH-000430,NPM1,Mut
ACH-000431,TP53,Mut
ACH-000431,FLT3,WT
ACH-000431,NPM1,WT
ACH-000434,TP53,Mut
ACH-000434,FLT3,WT
ACH-000434,NPM1,WT
ACH-000435,TP53,Mut
ACH-000435,FLT3,WT
ACH-000435,NPM1,WT
ACH-000437,TP53,Mut
ACH-000437,FLT3,WT
ACH-000437,NPM1,WT
ACH-000438,TP53,Mut
ACH-000438,FLT3,WT
ACH-000438,NPM1,WT
ACH-000439,TP53,WT
ACH-000439,FLT3,Mut
ACH-000439,NPM1,WT
ACH-000440,TP53,Mut
ACH-000440,FLT3,WT
ACH-000440,NPM1,WT
ACH-000443,TP53,Mut
ACH-000443,FLT3,WT
ACH-000443,NPM1,WT
ACH-000445,TP53,Mut
ACH-000445,FLT3,WT
ACH-000445,NPM1,WT
ACH-000447,TP53,Mut
ACH-000447,FLT3,WT
ACH-000447,NPM1,WT
ACH-000451,TP53,Mut
ACH-000451,FLT3,WT
ACH-000451,NPM1,WT
ACH-000452,TP53,Mut
ACH-000452,FLT3,WT
ACH-000452,NPM1,WT
ACH-000453,TP53,Mut
ACH-000453,FLT3,WT
ACH-000453,NPM1,WT
ACH-000454,TP53,Mut
ACH-000454,FLT3,WT
ACH-000454,NPM1,WT
ACH-000455,TP53,Mut
ACH-000455,FLT3,WT
ACH-000455,NPM1,WT
ACH-000456,TP53,Mut
ACH-000456,FLT3,WT
ACH-000456,NPM1,WT
ACH-000458,TP53,Mut
ACH-000458,FLT3,WT
ACH-000458,NPM1,WT
ACH-000460,TP53,Mut
ACH-000460,FLT3,WT
ACH-000460,NPM1,WT
ACH-000461,TP53,Mut
ACH-000461,FLT3,WT
ACH-000461,NPM1,WT
ACH-000464,TP53,Mut
ACH-000464,FLT3,WT
ACH-000464,NPM1,WT
ACH-000466,TP53,Mut
ACH-000466,FLT3,WT
ACH-000466,NPM1,WT
ACH-000467,TP53,Mut
ACH-000467,FLT3,WT
ACH-000467,NPM1,WT
ACH-000469,TP53,Mut
ACH-000469,FLT3,WT
ACH-000469,NPM1,WT
ACH-000470,TP53,Mut
ACH-000470,FLT3,WT
ACH-000470,NPM1,WT
ACH-000472,TP53,Mut
ACH-000472,FLT3,WT
ACH-000472,NPM1,WT
ACH-000473,TP53,Mut
ACH-000473,FLT3,WT
ACH-000473,NPM1,WT
ACH-000475,TP53,Mut
ACH-000475,FLT3,Mut
ACH-000475,NPM1,WT
ACH-000476,TP53,Mut
ACH-000476,FLT3,WT
ACH-000476,NPM1,WT
ACH-000478,TP53,Mut
ACH-000478,FLT3,WT
ACH-000478,NPM1,WT
ACH-000480,TP53,Mut
ACH-000480,FLT3,WT
ACH-000480,NPM1,WT
ACH-000481,TP53,Mut
ACH-000481,FLT3,WT
ACH-000481,NPM1,WT
ACH-000482,TP53,Mut
ACH-000482,FLT3,WT
ACH-000482,NPM1,WT
ACH-000483,TP53,Mut
ACH-000483,FLT3,WT
ACH-000483,NPM1,WT
ACH-000484,TP53,Mut
ACH-000484,FLT3,WT
ACH-000484,NPM1,WT
ACH-000485,TP53,Mut
ACH-000485,FLT3,WT
ACH-000485,NPM1,WT
ACH-000487,TP53,Mut
ACH-000487,FLT3,WT
ACH-000487,NPM1,WT
ACH-000488,TP53,Mut
ACH-000488,FLT3,WT
ACH-000488,NPM1,WT
ACH-000489,TP53,Mut
ACH-000489,FLT3,WT
ACH-000489,NPM1,WT
ACH-000491,TP53,Mut
ACH-000491,FLT3,WT
ACH-000491,NPM1,WT
ACH-000493,TP53,Mut
ACH-000493,FLT3,WT
ACH-000493,NPM1,WT
ACH-000496,TP53,Mut
ACH-000496,FLT3,WT
ACH-000496,NPM1,WT
ACH-000498,TP53,Mut
ACH-000498,FLT3,WT
ACH-000498,NPM1,WT
ACH-000499,TP53,Mut
ACH-000499,FLT3,WT
ACH-000499,NPM1,WT
ACH-000500,TP53,Mut
ACH-000500,FLT3,WT
ACH-000500,NPM1,WT
ACH-000501,TP53,Mut
ACH-000501,FLT3,WT
ACH-000501,NPM1,WT
ACH-000502,TP53,Mut
ACH-000502,FLT3,WT
ACH-000502,NPM1,WT
ACH-000503,TP53,Mut
ACH-000503,FLT3,WT
ACH-000503,NPM1,WT
ACH-000504,TP53,Mut
ACH-000504,FLT3,WT
ACH-000504,NPM1,WT
ACH-000505,TP53,Mut
ACH-000505,FLT3,WT
ACH-000505,NPM1,WT
ACH-000506,TP53,Mut
ACH-000506,FLT3,WT
ACH-000506,NPM1,WT
ACH-000507,TP53,Mut
ACH-000507,FLT3,WT
ACH-000507,NPM1,WT
ACH-000508,TP53,Mut
ACH-000508,FLT3,WT
ACH-000508,NPM1,WT
ACH-000509,TP53,Mut
ACH-000509,FLT3,WT
ACH-000509,NPM1,WT
ACH-000512,TP53,Mut
ACH-000512,FLT3,WT
ACH-000512,NPM1,WT
ACH-000514,TP53,Mut
ACH-000514,FLT3,WT
ACH-000514,NPM1,WT
ACH-000515,TP53,Mut
ACH-000515,FLT3,WT
ACH-000515,NPM1,WT
ACH-000516,TP53,Mut
ACH-000516,FLT3,WT
ACH-000516,NPM1,WT
ACH-000517,TP53,Mut
ACH-000517,FLT3,WT
ACH-000517,NPM1,WT
ACH-000518,TP53,Mut
ACH-000518,FLT3,WT
ACH-000518,NPM1,WT
ACH-000519,TP53,Mut
ACH-000519,FLT3,WT
ACH-000519,NPM1,WT
ACH-000520,TP53,Mut
ACH-000520,FLT3,WT
ACH-000520,NPM1,WT
ACH-000521,TP53,Mut
ACH-000521,FLT3,WT
ACH-000521,NPM1,WT
ACH-000522,TP53,Mut
ACH-000522,FLT3,WT
ACH-000522,NPM1,WT
ACH-000523,TP53,Mut
ACH-000523,FLT3,WT
ACH-000523,NPM1,WT
ACH-000524,TP53,Mut
ACH-000524,FLT3,WT
ACH-000524,NPM1,Mut
ACH-000525,TP53,Mut
ACH-000525,FLT3,WT
ACH-000525,NPM1,WT
ACH-000528,TP53,Mut
ACH-000528,FLT3,Mut
ACH-000528,NPM1,WT
ACH-000530,TP53,Mut
ACH-000530,FLT3,WT
ACH-000530,NPM1,WT
ACH-000532,TP53,Mut
ACH-000532,FLT3,WT
ACH-000532,NPM1,WT
ACH-000534,TP53,Mut
ACH-000534,FLT3,Mut
ACH-000534,NPM1,WT
ACH-000535,TP53,Mut
ACH-000535,FLT3,WT
ACH-000535,NPM1,WT
ACH-000536,TP53,Mut
ACH-000536,FLT3,WT
ACH-000536,NPM1,WT
ACH-000537,TP53,Mut
ACH-000537,FLT3,WT
ACH-000537,NPM1,WT
ACH-000541,TP53,Mut
ACH-000541,FLT3,WT
ACH-000541,NPM1,WT
ACH-000543,TP53,Mut
ACH-000543,FLT3,Mut
ACH-000543,NPM1,WT
ACH-000544,TP53,Mut
ACH-000544,FLT3,WT
ACH-000544,NPM1,WT
ACH-000545,TP53,Mut
ACH-000545,FLT3,WT
ACH-000545,NPM1,WT
ACH-000546,TP53,Mut
ACH-000546,FLT3,WT
ACH-000546,NPM1,WT
ACH-000548,TP53,Mut
ACH-000548,FLT3,WT
ACH-000548,NPM1,WT
ACH-000549,TP53,Mut
ACH-000549,FLT3,WT
ACH-000549,NPM1,WT
ACH-000550,TP53,Mut
ACH-000550,FLT3,WT
ACH-000550,NPM1,WT
ACH-000551,TP53,Mut
ACH-000551,FLT3,WT
ACH-000551,NPM1,WT
ACH-000552,TP53,Mut
ACH-000552,FLT3,WT
ACH-000552,NPM1,WT
ACH-000553,TP53,Mut
ACH-000553,FLT3,WT
ACH-000553,NPM1,WT
ACH-000554,TP53,Mut
ACH-000554,FLT3,WT
ACH-000554,NPM1,WT
ACH-000557,TP53,Mut
ACH-000557,FLT3,WT
ACH-000557,NPM1,WT
ACH-000559,TP53,Mut
ACH-000559,FLT3,Mut
ACH-000559,NPM1,WT
ACH-000561,TP53,Mut
ACH-000561,FLT3,WT
ACH-000561,NPM1,WT
ACH-000562,TP53,Mut
ACH-000562,FLT3,WT
ACH-000562,NPM1,WT
ACH-000563,TP53,Mut
ACH-000563,FLT3,WT
ACH-000563,NPM1,WT
ACH-000565,TP53,Mut
ACH-000565,FLT3,WT
ACH-000565,NPM1,WT
ACH-000566,TP53,Mut
ACH-000566,FLT3,WT
ACH-000566,NPM1,WT
ACH-000567,TP53,Mut
ACH-000567,FLT3,WT
ACH-000567,NPM1,WT
ACH-000570,TP53,Mut
ACH-000570,FLT3,WT
ACH-000570,NPM1,WT
ACH-000571,TP53,Mut
ACH-000571,FLT3,WT
ACH-000571,NPM1,WT
ACH-000573,TP53,Mut
ACH-000573,FLT3,WT
ACH-000573,NPM1,WT
ACH-000574,TP53,Mut
ACH-000574,FLT3,WT
ACH-000574,NPM1,WT
ACH-000575,TP53,Mut
ACH-000575,FLT3,WT
ACH-000575,NPM1,WT
ACH-000576,TP53,Mut
ACH-000576,FLT3,WT
ACH-000576,NPM1,WT
ACH-000577,TP53,Mut
ACH-000577,FLT3,WT
ACH-000577,NPM1,WT
ACH-000578,TP53,Mut
ACH-000578,FLT3,Mut
ACH-000578,NPM1,WT
ACH-000581,TP53,Mut
ACH-000581,FLT3,WT
ACH-000581,NPM1,WT
ACH-000582,TP53,Mut
ACH-000582,FLT3,WT
ACH-000582,NPM1,WT
ACH-000583,TP53,Mut
ACH-000583,FLT3,WT
ACH-000583,NPM1,WT
ACH-000584,TP53,Mut
ACH-000584,FLT3,WT
ACH-000584,NPM1,WT
ACH-000585,TP53,Mut
ACH-000585,FLT3,WT
ACH-000585,NPM1,WT
ACH-000586,TP53,Mut
ACH-000586,FLT3,WT
ACH-000586,NPM1,WT
ACH-000587,TP53,Mut
ACH-000587,FLT3,WT
ACH-000587,NPM1,WT
ACH-000588,TP53,Mut
ACH-000588,FLT3,WT
ACH-000588,NPM1,WT
ACH-000589,TP53,Mut
ACH-000589,FLT3,WT
ACH-000589,NPM1,WT
ACH-000590,TP53,Mut
ACH-000590,FLT3,WT
ACH-000590,NPM1,WT
ACH-000591,TP53,Mut
ACH-000591,FLT3,WT
ACH-000591,NPM1,WT
ACH-000592,TP53,Mut
ACH-000592,FLT3,WT
ACH-000592,NPM1,WT
ACH-000593,TP53,Mut
ACH-000593,FLT3,WT
ACH-000593,NPM1,WT
ACH-000594,TP53,Mut
ACH-000594,FLT3,WT
ACH-000594,NPM1,WT
ACH-000595,TP53,Mut
ACH-000595,FLT3,WT
ACH-000595,NPM1,WT
ACH-000596,TP53,Mut
ACH-000596,FLT3,WT
ACH-000596,NPM1,WT
ACH-000598,TP53,WT
ACH-000598,FLT3,Mut
ACH-000598,NPM1,WT
ACH-000599,TP53,Mut
ACH-000599,FLT3,WT
ACH-000599,NPM1,WT
ACH-000601,TP53,Mut
ACH-000601,FLT3,WT
ACH-000601,NPM1,WT
ACH-000603,TP53,Mut
ACH-000603,FLT3,WT
ACH-000603,NPM1,WT
ACH-000604,TP53,Mut
ACH-000604,FLT3,WT
ACH-000604,NPM1,WT
ACH-000605,TP53,Mut
ACH-000605,FLT3,WT
ACH-000605,NPM1,WT
ACH-000606,TP53,Mut
ACH-000606,FLT3,WT
ACH-000606,NPM1,WT
ACH-000608,TP53,Mut
ACH-000608,FLT3,WT
ACH-000608,NPM1,WT
ACH-000610,TP53,Mut
ACH-000610,FLT3,WT
ACH-000610,NPM1,WT
ACH-000611,TP53,Mut
ACH-000611,FLT3,WT
ACH-000611,NPM1,WT
ACH-000613,TP53,Mut
ACH-000613,FLT3,WT
ACH-000613,NPM1,WT
ACH-000614,TP53,Mut
ACH-000614,FLT3,WT
ACH-000614,NPM1,WT
ACH-000615,TP53,Mut
ACH-000615,FLT3,WT
ACH-000615,NPM1,WT
ACH-000616,TP53,Mut
ACH-000616,FLT3,WT
ACH-000616,NPM1,WT
ACH-000617,TP53,Mut
ACH-000617,FLT3,WT
ACH-000617,NPM1,WT
ACH-000618,TP53,Mut
ACH-000618,FLT3,WT
ACH-000618,NPM1,WT
ACH-000619,TP53,Mut
ACH-000619,FLT3,WT
ACH-000619,NPM1,WT
ACH-000621,TP53,Mut
ACH-000621,FLT3,WT
ACH-000621,NPM1,WT
ACH-000622,TP53,Mut
ACH-000622,FLT3,WT
ACH-000622,NPM1,WT
ACH-000623,TP53,Mut
ACH-000623,FLT3,WT
ACH-000623,NPM1,WT
ACH-000624,TP53,Mut
ACH-000624,FLT3,WT
ACH-000624,NPM1,WT
ACH-000626,TP53,Mut
ACH-000626,FLT3,WT
ACH-000626,NPM1,WT
ACH-000627,TP53,Mut
ACH-000627,FLT3,WT
ACH-000627,NPM1,WT
ACH-000628,TP53,Mut
ACH-000628,FLT3,WT
ACH-000628,NPM1,WT
ACH-000630,TP53,Mut
ACH-000630,FLT3,WT
ACH-000630,NPM1,WT
ACH-000632,TP53,Mut
ACH-000632,FLT3,WT
ACH-000632,NPM1,WT
ACH-000633,TP53,Mut
ACH-000633,FLT3,WT
ACH-000633,NPM1,WT
ACH-000634,TP53,Mut
ACH-000634,FLT3,WT
ACH-000634,NPM1,WT
ACH-000635,TP53,Mut
ACH-000635,FLT3,WT
ACH-000635,NPM1,WT
ACH-000636,TP53,Mut
ACH-000636,FLT3,WT
ACH-000636,NPM1,WT
ACH-000637,TP53,Mut
ACH-000637,FLT3,WT
ACH-000637,NPM1,WT
ACH-000638,TP53,Mut
ACH-000638,FLT3,WT
ACH-000638,NPM1,WT
ACH-000639,TP53,Mut
ACH-000639,FLT3,WT
ACH-000639,NPM1,WT
ACH-000641,TP53,Mut
ACH-000641,FLT3,WT
ACH-000641,NPM1,WT
ACH-000643,TP53,Mut
ACH-000643,FLT3,WT
ACH-000643,NPM1,WT
ACH-000647,TP53,Mut
ACH-000647,FLT3,WT
ACH-000647,NPM1,WT
ACH-000649,TP53,Mut
ACH-000649,FLT3,WT
ACH-000649,NPM1,WT
ACH-000650,TP53,Mut
ACH-000650,FLT3,WT
ACH-000650,NPM1,WT
ACH-000651,TP53,Mut
ACH-000651,FLT3,WT
ACH-000651,NPM1,WT
ACH-000652,TP53,Mut
ACH-000652,FLT3,WT
ACH-000652,NPM1,WT
ACH-000654,TP53,Mut
ACH-000654,FLT3,WT
ACH-000654,NPM1,WT
ACH-000655,TP53,Mut
ACH-000655,FLT3,WT
ACH-000655,NPM1,WT
ACH-000656,TP53,Mut
ACH-000656,FLT3,WT
ACH-000656,NPM1,WT
ACH-000659,TP53,Mut
ACH-000659,FLT3,WT
ACH-000659,NPM1,WT
ACH-000664,TP53,Mut
ACH-000664,FLT3,WT
ACH-000664,NPM1,WT
ACH-000665,TP53,Mut
ACH-000665,FLT3,WT
ACH-000665,NPM1,WT
ACH-000666,TP53,Mut
ACH-000666,FLT3,WT
ACH-000666,NPM1,WT
ACH-000667,TP53,Mut
ACH-000667,FLT3,WT
ACH-000667,NPM1,WT
ACH-000668,TP53,Mut
ACH-000668,FLT3,WT
ACH-000668,NPM1,WT
ACH-000669,TP53,Mut
ACH-000669,FLT3,WT
ACH-000669,NPM1,WT
ACH-000670,TP53,Mut
ACH-000670,FLT3,WT
ACH-000670,NPM1,WT
ACH-000671,TP53,Mut
ACH-000671,FLT3,WT
ACH-000671,NPM1,WT
ACH-000672,TP53,Mut
ACH-000672,FLT3,WT
ACH-000672,NPM1,WT
ACH-000673,TP53,Mut
ACH-000673,FLT3,WT
ACH-000673,NPM1,WT
ACH-000675,TP53,Mut
ACH-000675,FLT3,WT
ACH-000675,NPM1,WT
ACH-000676,TP53,Mut
ACH-000676,FLT3,WT
ACH-000676,NPM1,WT
ACH-000678,TP53,Mut
ACH-000678,FLT3,WT
ACH-000678,NPM1,WT
ACH-000679,TP53,Mut
ACH-000679,FLT3,WT
ACH-000679,NPM1,WT
ACH-000680,TP53,Mut
ACH-000680,FLT3,WT
ACH-000680,NPM1,WT
ACH-000681,TP53,WT
ACH-000681,FLT3,Mut
ACH-000681,NPM1,WT
ACH-000682,TP53,Mut
ACH-000682,FLT3,WT
ACH-000682,NPM1,WT
ACH-000683,TP53,Mut
ACH-000683,FLT3,WT
ACH-000683,NPM1,WT
ACH-000685,TP53,Mut
ACH-000685,FLT3,WT
ACH-000685,NPM1,WT
ACH-000686,TP53,Mut
ACH-000686,FLT3,WT
ACH-000686,NPM1,WT
ACH-000687,TP53,Mut
ACH-000687,FLT3,WT
ACH-000687,NPM1,WT
ACH-000688,TP53,Mut
ACH-000688,FLT3,WT
ACH-000688,NPM1,WT
ACH-000690,TP53,Mut
ACH-000690,FLT3,WT
ACH-000690,NPM1,WT
ACH-000691,TP53,Mut
ACH-000691,FLT3,WT
ACH-000691,NPM1,WT
ACH-000692,TP53,Mut
ACH-000692,FLT3,WT
ACH-000692,NPM1,WT
ACH-000693,TP53,Mut
ACH-000693,FLT3,WT
ACH-000693,NPM1,WT
ACH-000694,TP53,Mut
ACH-000694,FLT3,WT
ACH-000694,NPM1,WT
ACH-000695,TP53,Mut
ACH-000695,FLT3,Mut
ACH-000695,NPM1,WT
ACH-000696,TP53,Mut
ACH-000696,FLT3,WT
ACH-000696,NPM1,WT
ACH-000698,TP53,Mut
ACH-000698,FLT3,WT
ACH-000698,NPM1,WT
ACH-000699,TP53,Mut
ACH-000699,FLT3,WT
ACH-000699,NPM1,WT
ACH-000700,TP53,Mut
ACH-000700,FLT3,WT
ACH-000700,NPM1,WT
ACH-000701,TP53,Mut
ACH-000701,FLT3,WT
ACH-000701,NPM1,WT
ACH-000703,TP53,Mut
ACH-000703,FLT3,WT
ACH-000703,NPM1,WT
ACH-000705,TP53,Mut
ACH-000705,FLT3,WT
ACH-000705,NPM1,WT
ACH-000706,TP53,Mut
ACH-000706,FLT3,WT
ACH-000706,NPM1,WT
ACH-000707,TP53,Mut
ACH-000707,FLT3,WT
ACH-000707,NPM1,WT
ACH-000710,TP53,Mut
ACH-000710,FLT3,WT
ACH-000710,NPM1,WT
ACH-000711,TP53,Mut
ACH-000711,FLT3,WT
ACH-000711,NPM1,WT
ACH-000712,TP53,Mut
ACH-000712,FLT3,WT
ACH-000712,NPM1,WT
ACH-000713,TP53,Mut
ACH-000713,FLT3,WT
ACH-000713,NPM1,WT
ACH-000715,TP53,Mut
ACH-000715,FLT3,WT
ACH-000715,NPM1,WT
ACH-000716,TP53,Mut
ACH-000716,FLT3,WT
ACH-000716,NPM1,WT
ACH-000717,TP53,Mut
ACH-000717,FLT3,WT
ACH-000717,NPM1,WT
ACH-000718,TP53,Mut
ACH-000718,FLT3,WT
ACH-000718,NPM1,WT
ACH-000720,TP53,Mut
ACH-000720,FLT3,WT
ACH-000720,NPM1,WT
ACH-000721,TP53,Mut
ACH-000721,FLT3,WT
ACH-000721,NPM1,WT
ACH-000722,TP53,Mut
ACH-000722,FLT3,WT
ACH-000722,NPM1,WT
ACH-000723,TP53,Mut
ACH-000723,FLT3,WT
ACH-000723,NPM1,WT
ACH-000724,TP53,Mut
ACH-000724,FLT3,WT
ACH-000724,NPM1,WT
ACH-000725,TP53,Mut
ACH-000725,FLT3,WT
ACH-000725,NPM1,WT
ACH-000726,TP53,Mut
ACH-000726,FLT3,WT
ACH-000726,NPM1,WT
ACH-000727,TP53,Mut
ACH-000727,FLT3,WT
ACH-000727,NPM1,WT
ACH-000728,TP53,Mut
ACH-000728,FLT3,WT
ACH-000728,NPM1,WT
ACH-000729,TP53,Mut
ACH-000729,FLT3,WT
ACH-000729,NPM1,WT
ACH-000731,TP53,Mut
ACH-000731,FLT3,WT
ACH-000731,NPM1,WT
ACH-000732,TP53,Mut
ACH-000732,FLT3,WT
ACH-000732,NPM1,WT
ACH-000733,TP53,Mut
ACH-000733,FLT3,WT
ACH-000733,NPM1,WT
ACH-000734,TP53,Mut
ACH-000734,FLT3,WT
ACH-000734,NPM1,WT
ACH-000736,TP53,Mut
ACH-000736,FLT3,WT
ACH-000736,NPM1,WT
ACH-000738,TP53,Mut
ACH-000738,FLT3,WT
ACH-000738,NPM1,WT
ACH-000740,TP53,Mut
ACH-000740,FLT3,WT
ACH-000740,NPM1,WT
ACH-000741,TP53,Mut
ACH-000741,FLT3,WT
ACH-000741,NPM1,WT
ACH-000743,TP53,Mut
ACH-000743,FLT3,WT
ACH-000743,NPM1,WT
ACH-000744,TP53,Mut
ACH-000744,FLT3,WT
ACH-000744,NPM1,WT
ACH-000746,TP53,Mut
ACH-000746,FLT3,WT
ACH-000746,NPM1,WT
ACH-000747,TP53,Mut
ACH-000747,FLT3,WT
ACH-000747,NPM1,WT
ACH-000748,TP53,Mut
ACH-000748,FLT3,WT
ACH-000748,NPM1,WT
ACH-000749,TP53,Mut
ACH-000749,FLT3,WT
ACH-000749,NPM1,WT
ACH-000751,TP53,Mut
ACH-000751,FLT3,WT
ACH-000751,NPM1,WT
ACH-000752,TP53,Mut
ACH-000752,FLT3,WT
ACH-000752,NPM1,WT
ACH-000753,TP53,Mut
ACH-000753,FLT3,WT
ACH-000753,NPM1,WT
ACH-000756,TP53,Mut
ACH-000756,FLT3,WT
ACH-000756,NPM1,WT
ACH-000758,TP53,Mut
ACH-000758,FLT3,WT
ACH-000758,NPM1,WT
ACH-000761,TP53,Mut
ACH-000761,FLT3,WT
ACH-000761,NPM1,WT
ACH-000762,TP53,Mut
ACH-000762,FLT3,WT
ACH-000762,NPM1,WT
ACH-000764,TP53,Mut
ACH-000764,FLT3,WT
ACH-000764,NPM1,WT
ACH-000765,TP53,Mut
ACH-000765,FLT3,WT
ACH-000765,NPM1,WT
ACH-000766,TP53,Mut
ACH-000766,FLT3,WT
ACH-000766,NPM1,WT
ACH-000767,TP53,Mut
ACH-000767,FLT3,WT
ACH-000767,NPM1,WT
ACH-000768,TP53,Mut
ACH-000768,FLT3,WT
ACH-000768,NPM1,WT
ACH-000769,TP53,Mut
ACH-000769,FLT3,WT
ACH-000769,NPM1,WT
ACH-000770,TP53,Mut
ACH-000770,FLT3,WT
ACH-000770,NPM1,WT
ACH-000771,TP53,Mut
ACH-000771,FLT3,WT
ACH-000771,NPM1,WT
ACH-000774,TP53,Mut
ACH-000774,FLT3,WT
ACH-000774,NPM1,WT
ACH-000775,TP53,Mut
ACH-000775,FLT3,WT
ACH-000775,NPM1,WT
ACH-000777,TP53,Mut
ACH-000777,FLT3,WT
ACH-000777,NPM1,WT
ACH-000778,TP53,Mut
ACH-000778,FLT3,WT
ACH-000778,NPM1,WT
ACH-000779,TP53,Mut
ACH-000779,FLT3,WT
ACH-000779,NPM1,WT
ACH-000780,TP53,Mut
ACH-000780,FLT3,WT
ACH-000780,NPM1,WT
ACH-000781,TP53,Mut
ACH-000781,FLT3,WT
ACH-000781,NPM1,WT
ACH-000782,TP53,Mut
ACH-000782,FLT3,WT
ACH-000782,NPM1,WT
ACH-000783,TP53,Mut
ACH-000783,FLT3,WT
ACH-000783,NPM1,WT
ACH-000784,TP53,Mut
ACH-000784,FLT3,WT
ACH-000784,NPM1,WT
ACH-000785,TP53,Mut
ACH-000785,FLT3,WT
ACH-000785,NPM1,WT
ACH-000786,TP53,Mut
ACH-000786,FLT3,Mut
ACH-000786,NPM1,WT
ACH-000787,TP53,Mut
ACH-000787,FLT3,WT
ACH-000787,NPM1,WT
ACH-000788,TP53,Mut
ACH-000788,FLT3,WT
ACH-000788,NPM1,WT
ACH-000789,TP53,Mut
ACH-000789,FLT3,WT
ACH-000789,NPM1,WT
ACH-000790,TP53,Mut
ACH-000790,FLT3,WT
ACH-000790,NPM1,WT
ACH-000791,TP53,Mut
ACH-000791,FLT3,WT
ACH-000791,NPM1,WT
ACH-000792,TP53,Mut
ACH-000792,FLT3,WT
ACH-000792,NPM1,WT
ACH-000794,TP53,Mut
ACH-000794,FLT3,WT
ACH-000794,NPM1,WT
ACH-000795,TP53,Mut
ACH-000795,FLT3,Mut
ACH-000795,NPM1,WT
ACH-000798,TP53,Mut
ACH-000798,FLT3,WT
ACH-000798,NPM1,WT
ACH-000800,TP53,Mut
ACH-000800,FLT3,WT
ACH-000800,NPM1,WT
ACH-000802,TP53,Mut
ACH-000802,FLT3,WT
ACH-000802,NPM1,WT
ACH-000803,TP53,Mut
ACH-000803,FLT3,Mut
ACH-000803,NPM1,WT
ACH-000807,TP53,Mut
ACH-000807,FLT3,WT
ACH-000807,NPM1,WT
ACH-000808,TP53,Mut
ACH-000808,FLT3,WT
ACH-000808,NPM1,WT
ACH-000809,TP53,Mut
ACH-000809,FLT3,Mut
ACH-000809,NPM1,WT
ACH-000810,TP53,Mut
ACH-000810,FLT3,WT
ACH-000810,NPM1,WT
ACH-000811,TP53,Mut
ACH-000811,FLT3,Mut
ACH-000811,NPM1,WT
ACH-000812,TP53,Mut
ACH-000812,FLT3,WT
ACH-000812,NPM1,WT
ACH-000813,TP53,Mut
ACH-000813,FLT3,WT
ACH-000813,NPM1,WT
ACH-000816,TP53,Mut
ACH-000816,FLT3,WT
ACH-000816,NPM1,WT
ACH-000817,TP53,Mut
ACH-000817,FLT3,WT
ACH-000817,NPM1,WT
ACH-000818,TP53,Mut
ACH-000818,FLT3,WT
ACH-000818,NPM1,WT
ACH-000819,TP53,Mut
ACH-000819,FLT3,WT
ACH-000819,NPM1,WT
ACH-000820,TP53,Mut
ACH-000820,FLT3,WT
ACH-000820,NPM1,WT
ACH-000821,TP53,Mut
ACH-000821,FLT3,WT
ACH-000821,NPM1,WT
ACH-000823,TP53,Mut
ACH-000823,FLT3,WT
ACH-000823,NPM1,WT
ACH-000824,TP53,Mut
ACH-000824,FLT3,Mut
ACH-000824,NPM1,WT
ACH-000825,TP53,Mut
ACH-000825,FLT3,WT
ACH-000825,NPM1,WT
ACH-000826,TP53,Mut
ACH-000826,FLT3,WT
ACH-000826,NPM1,WT
ACH-000830,TP53,Mut
ACH-000830,FLT3,WT
ACH-000830,NPM1,WT
ACH-000832,TP53,Mut
ACH-000832,FLT3,WT
ACH-000832,NPM1,WT
ACH-000833,TP53,Mut
ACH-000833,FLT3,Mut
ACH-000833,NPM1,WT
ACH-000834,TP53,Mut
ACH-000834,FLT3,WT
ACH-000834,NPM1,WT
ACH-000835,TP53,Mut
ACH-000835,FLT3,WT
ACH-000835,NPM1,WT
ACH-000836,TP53,Mut
ACH-000836,FLT3,WT
ACH-000836,NPM1,WT
ACH-000837,TP53,Mut
ACH-000837,FLT3,Mut
ACH-000837,NPM1,WT
ACH-000839,TP53,Mut
ACH-000839,FLT3,WT
ACH-000839,NPM1,WT
ACH-000840,TP53,Mut
ACH-000840,FLT3,WT
ACH-000840,NPM1,WT
ACH-000841,TP53,Mut
ACH-000841,FLT3,WT
ACH-000841,NPM1,WT
ACH-000842,TP53,Mut
ACH-000842,FLT3,WT
ACH-000842,NPM1,WT
ACH-000843,TP53,Mut
ACH-000843,FLT3,WT
ACH-000843,NPM1,WT
ACH-000844,TP53,Mut
ACH-000844,FLT3,Mut
ACH-000844,NPM1,WT
ACH-000845,TP53,Mut
ACH-000845,FLT3,WT
ACH-000845,NPM1,WT
ACH-000846,TP53,Mut
ACH-000846,FLT3,WT
ACH-000846,NPM1,WT
ACH-000847,TP53,Mut
ACH-000847,FLT3,WT
ACH-000847,NPM1,WT
ACH-000848,TP53,Mut
ACH-000848,FLT3,Mut
ACH-000848,NPM1,WT
ACH-000849,TP53,Mut
ACH-000849,FLT3,WT
ACH-000849,NPM1,WT
ACH-000851,TP53,Mut
ACH-000851,FLT3,WT
ACH-000851,NPM1,WT
ACH-000852,TP53,Mut
ACH-000852,FLT3,WT
ACH-000852,NPM1,WT
ACH-000853,TP53,Mut
ACH-000853,FLT3,WT
ACH-000853,NPM1,WT
ACH-000854,TP53,Mut
ACH-000854,FLT3,WT
ACH-000854,NPM1,WT
ACH-000855,TP53,Mut
ACH-000855,FLT3,WT
ACH-000855,NPM1,WT
ACH-000857,TP53,Mut
ACH-000857,FLT3,WT
ACH-000857,NPM1,WT
ACH-000858,TP53,Mut
ACH-000858,FLT3,WT
ACH-000858,NPM1,WT
ACH-000859,TP53,Mut
ACH-000859,FLT3,WT
ACH-000859,NPM1,WT
ACH-000861,TP53,Mut
ACH-000861,FLT3,WT
ACH-000861,NPM1,WT
ACH-000862,TP53,Mut
ACH-000862,FLT3,WT
ACH-000862,NPM1,WT
ACH-000864,TP53,Mut
ACH-000864,FLT3,WT
ACH-000864,NPM1,WT
ACH-000865,TP53,Mut
ACH-000865,FLT3,WT
ACH-000865,NPM1,WT
ACH-000866,TP53,Mut
ACH-000866,FLT3,WT
ACH-000866,NPM1,WT
ACH-000867,TP53,Mut
ACH-000867,FLT3,WT
ACH-000867,NPM1,WT
ACH-000868,TP53,Mut
ACH-000868,FLT3,WT
ACH-000868,NPM1,WT
ACH-000869,TP53,Mut
ACH-000869,FLT3,Mut
ACH-000869,NPM1,WT
ACH-000870,TP53,Mut
ACH-000870,FLT3,WT
ACH-000870,NPM1,WT
ACH-000871,TP53,Mut
ACH-000871,FLT3,WT
ACH-000871,NPM1,WT
ACH-000872,TP53,Mut
ACH-000872,FLT3,WT
ACH-000872,NPM1,WT
ACH-000873,TP53,Mut
ACH-000873,FLT3,WT
ACH-000873,NPM1,WT
ACH-000875,TP53,Mut
ACH-000875,FLT3,WT
ACH-000875,NPM1,WT
ACH-000876,TP53,Mut
ACH-000876,FLT3,WT
ACH-000876,NPM1,WT
ACH-000877,TP53,Mut
ACH-000877,FLT3,WT
ACH-000877,NPM1,WT
ACH-000878,TP53,Mut
ACH-000878,FLT3,WT
ACH-000878,NPM1,WT
ACH-000879,TP53,Mut
ACH-000879,FLT3,WT
ACH-000879,NPM1,WT
ACH-000882,TP53,WT
ACH-000882,FLT3,Mut
ACH-000882,NPM1,WT
ACH-000883,TP53,Mut
ACH-000883,FLT3,WT
ACH-000883,NPM1,WT
ACH-000884,TP53,Mut
ACH-000884,FLT3,Mut
ACH-000884,NPM1,WT
ACH-000886,TP53,Mut
ACH-000886,FLT3,WT
ACH-000886,NPM1,WT
ACH-000887,TP53,Mut
ACH-000887,FLT3,WT
ACH-000887,NPM1,WT
ACH-000888,TP53,Mut
ACH-000888,FLT3,WT
ACH-000888,NPM1,WT
ACH-000889,TP53,Mut
ACH-000889,FLT3,WT
ACH-000889,NPM1,WT
ACH-000890,TP53,Mut
ACH-000890,FLT3,WT
ACH-000890,NPM1,WT
ACH-000891,TP53,Mut
ACH-000891,FLT3,Mut
ACH-000891,NPM1,WT
ACH-000893,TP53,Mut
ACH-000893,FLT3,WT
ACH-000893,NPM1,WT
ACH-000894,TP53,Mut
ACH-000894,FLT3,WT
ACH-000894,NPM1,WT
ACH-000895,TP53,Mut
ACH-000895,FLT3,WT
ACH-000895,NPM1,WT
ACH-000896,TP53,Mut
ACH-000896,FLT3,WT
ACH-000896,NPM1,WT
ACH-000897,TP53,Mut
ACH-000897,FLT3,WT
ACH-000897,NPM1,WT
ACH-000900,TP53,Mut
ACH-000900,FLT3,Mut
ACH-000900,NPM1,WT
ACH-000901,TP53,Mut
ACH-000901,FLT3,Mut
ACH-000901,NPM1,WT
ACH-000902,TP53,Mut
ACH-000902,FLT3,WT
ACH-000902,NPM1,WT
ACH-000903,TP53,Mut
ACH-000903,FLT3,WT
ACH-000903,NPM1,WT
ACH-000904,TP53,Mut
ACH-000904,FLT3,WT
ACH-000904,NPM1,WT
ACH-000905,TP53,Mut
ACH-000905,FLT3,WT
ACH-000905,NPM1,WT
ACH-000906,TP53,Mut
ACH-000906,FLT3,WT
ACH-000906,NPM1,WT
ACH-000907,TP53,Mut
ACH-000907,FLT3,WT
ACH-000907,NPM1,WT
ACH-000911,TP53,Mut
ACH-000911,FLT3,WT
ACH-000911,NPM1,WT
ACH-000912,TP53,Mut
ACH-000912,FLT3,WT
ACH-000912,NPM1,WT
ACH-000913,TP53,Mut
ACH-000913,FLT3,WT
ACH-000913,NPM1,WT
ACH-000914,TP53,Mut
ACH-000914,FLT3,WT
ACH-000914,NPM1,WT
ACH-000915,TP53,Mut
ACH-000915,FLT3,Mut
ACH-000915,NPM1,WT
ACH-000916,TP53,Mut
ACH-000916,FLT3,WT
ACH-000916,NPM1,WT
ACH-000917,TP53,Mut
ACH-000917,FLT3,WT
ACH-000917,NPM1,WT
ACH-000918,TP53,Mut
ACH-000918,FLT3,WT
ACH-000918,NPM1,WT
ACH-000920,TP53,Mut
ACH-000920,FLT3,WT
ACH-000920,NPM1,WT
ACH-000921,TP53,Mut
ACH-000921,FLT3,WT
ACH-000921,NPM1,WT
ACH-000923,TP53,Mut
ACH-000923,FLT3,Mut
ACH-000923,NPM1,WT
ACH-000924,TP53,Mut
ACH-000924,FLT3,Mut
ACH-000924,NPM1,WT
ACH-000926,TP53,Mut
ACH-000926,FLT3,WT
ACH-000926,NPM1,WT
ACH-000927,TP53,Mut
ACH-000927,FLT3,WT
ACH-000927,NPM1,WT
ACH-000929,TP53,Mut
ACH-000929,FLT3,WT
ACH-000929,NPM1,WT
ACH-000930,TP53,Mut
ACH-000930,FLT3,WT
ACH-000930,NPM1,WT
ACH-000931,TP53,Mut
ACH-000931,FLT3,WT
ACH-000931,NPM1,WT
ACH-000934,TP53,Mut
ACH-000934,FLT3,WT
ACH-000934,NPM1,WT
ACH-000936,TP53,Mut
ACH-000936,FLT3,WT
ACH-000936,NPM1,WT
ACH-000937,TP53,Mut
ACH-000937,FLT3,WT
ACH-000937,NPM1,WT
ACH-000939,TP53,Mut
ACH-000939,FLT3,WT
ACH-000939,NPM1,WT
ACH-000940,TP53,Mut
ACH-000940,FLT3,WT
ACH-000940,NPM1,WT
ACH-000941,TP53,Mut
ACH-000941,FLT3,Mut
ACH-000941,NPM1,WT
ACH-000942,TP53,Mut
ACH-000942,FLT3,WT
ACH-000942,NPM1,WT
ACH-000944,TP53,Mut
ACH-000944,FLT3,WT
ACH-000944,NPM1,WT
ACH-000945,TP53,Mut
ACH-000945,FLT3,Mut
ACH-000945,NPM1,WT
ACH-000947,TP53,Mut
ACH-000947,FLT3,WT
ACH-000947,NPM1,WT
ACH-000949,TP53,Mut
ACH-000949,FLT3,WT
ACH-000949,NPM1,WT
ACH-000951,TP53,Mut
ACH-000951,FLT3,WT
ACH-000951,NPM1,WT
ACH-000953,TP53,Mut
ACH-000953,FLT3,WT
ACH-000953,NPM1,WT
ACH-000954,TP53,Mut
ACH-000954,FLT3,WT
ACH-000954,NPM1,Mut
ACH-000955,TP53,Mut
ACH-000955,FLT3,WT
ACH-000955,NPM1,WT
ACH-000956,TP53,Mut
ACH-000956,FLT3,Mut
ACH-000956,NPM1,WT
ACH-000959,TP53,Mut
ACH-000959,FLT3,WT
ACH-000959,NPM1,WT
ACH-000960,TP53,Mut
ACH-000960,FLT3,WT
ACH-000960,NPM1,WT
ACH-000961,TP53,Mut
ACH-000961,FLT3,WT
ACH-000961,NPM1,Mut
ACH-000962,TP53,Mut
ACH-000962,FLT3,WT
ACH-000962,NPM1,WT
ACH-000963,TP53,Mut
ACH-000963,FLT3,WT
ACH-000963,NPM1,WT
ACH-000965,TP53,Mut
ACH-000965,FLT3,Mut
ACH-000965,NPM1,WT
ACH-000966,TP53,Mut
ACH-000966,FLT3,Mut
ACH-000966,NPM1,WT
ACH-000967,TP53,Mut
ACH-000967,FLT3,WT
ACH-000967,NPM1,WT
ACH-000969,TP53,Mut
ACH-000969,FLT3,WT
ACH-000969,NPM1,WT
ACH-000970,TP53,Mut
ACH-000970,FLT3,WT
ACH-000970,NPM1,WT
ACH-000971,TP53,WT
ACH-000971,FLT3,Mut
ACH-000971,NPM1,WT
ACH-000972,TP53,Mut
ACH-000972,FLT3,WT
ACH-000972,NPM1,WT
ACH-000973,TP53,Mut
ACH-000973,FLT3,WT
ACH-000973,NPM1,Mut
ACH-000974,TP53,WT
ACH-000974,FLT3,Mut
ACH-000974,NPM1,WT
ACH-000975,TP53,Mut
ACH-000975,FLT3,WT
ACH-000975,NPM1,WT
ACH-000976,TP53,Mut
ACH-000976,FLT3,WT
ACH-000976,NPM1,WT
ACH-000977,TP53,WT
ACH-000977,FLT3,Mut
ACH-000977,NPM1,WT
ACH-000978,TP53,Mut
ACH-000978,FLT3,Mut
ACH-000978,NPM1,WT
ACH-000979,TP53,Mut
ACH-000979,FLT3,WT
ACH-000979,NPM1,WT
ACH-000980,TP53,Mut
ACH-000980,FLT3,WT
ACH-000980,NPM1,WT
ACH-000981,TP53,Mut
ACH-000981,FLT3,WT
ACH-000981,NPM1,WT
ACH-000982,TP53,WT
ACH-000982,FLT3,Mut
ACH-000982,NPM1,WT
ACH-000983,TP53,Mut
ACH-000983,FLT3,WT
ACH-000983,NPM1,WT
ACH-000984,TP53,Mut
ACH-000984,FLT3,Mut
ACH-000984,NPM1,WT
ACH-000985,TP53,Mut
ACH-000985,FLT3,Mut
ACH-000985,NPM1,WT
ACH-000986,TP53,Mut
ACH-000986,FLT3,Mut
ACH-000986,NPM1,WT
ACH-000987,TP53,Mut
ACH-000987,FLT3,WT
ACH-000987,NPM1,WT
ACH-000988,TP53,Mut
ACH-000988,FLT3,WT
ACH-000988,NPM1,WT
ACH-000990,TP53,Mut
ACH-000990,FLT3,Mut
ACH-000990,NPM1,WT
ACH-000991,TP53,Mut
ACH-000991,FLT3,Mut
ACH-000991,NPM1,WT
ACH-000992,TP53,Mut
ACH-000992,FLT3,WT
ACH-000992,NPM1,WT
ACH-000993,TP53,Mut
ACH-000993,FLT3,WT
ACH-000993,NPM1,WT
ACH-000994,TP53,Mut
ACH-000994,FLT3,WT
ACH-000994,NPM1,WT
ACH-000995,TP53,Mut
ACH-000995,FLT3,Mut
ACH-000995,NPM1,WT
ACH-000996,TP53,Mut
ACH-000996,FLT3,WT
ACH-000996,NPM1,WT
ACH-000997,TP53,Mut
ACH-000997,FLT3,WT
ACH-000997,NPM1,WT
ACH-000999,TP53,Mut
ACH-000999,FLT3,Mut
ACH-000999,NPM1,Mut
ACH-001001,TP53,Mut
ACH-001001,FLT3,WT
ACH-001001,NPM1,WT
ACH-001002,TP53,Mut
ACH-001002,FLT3,WT
ACH-001002,NPM1,WT
ACH-001016,TP53,Mut
ACH-001016,FLT3,WT
ACH-001016,NPM1,WT
ACH-001023,TP53,Mut
ACH-001023,FLT3,Mut
ACH-001023,NPM1,WT
ACH-001024,TP53,Mut
ACH-001024,FLT3,WT
ACH-001024,NPM1,WT
ACH-001028,TP53,Mut
ACH-001028,FLT3,WT
ACH-001028,NPM1,WT
ACH-001029,TP53,Mut
ACH-001029,FLT3,WT
ACH-001029,NPM1,WT
ACH-001032,TP53,Mut
ACH-001032,FLT3,WT
ACH-001032,NPM1,WT
ACH-001035,TP53,Mut
ACH-001035,FLT3,WT
ACH-001035,NPM1,WT
ACH-001036,TP53,Mut
ACH-001036,FLT3,WT
ACH-001036,NPM1,WT
ACH-001038,TP53,Mut
ACH-001038,FLT3,WT
ACH-001038,NPM1,WT
ACH-001039,TP53,Mut
ACH-001039,FLT3,WT
ACH-001039,NPM1,WT
ACH-001041,TP53,Mut
ACH-001041,FLT3,WT
ACH-001041,NPM1,WT
ACH-001043,TP53,Mut
ACH-001043,FLT3,WT
ACH-001043,NPM1,WT
ACH-001044,TP53,Mut
ACH-001044,FLT3,WT
ACH-001044,NPM1,WT
ACH-001047,TP53,Mut
ACH-001047,FLT3,WT
ACH-001047,NPM1,WT
ACH-001048,TP53,Mut
ACH-001048,FLT3,WT
ACH-001048,NPM1,WT
ACH-001049,TP53,Mut
ACH-001049,FLT3,WT
ACH-001049,NPM1,WT
ACH-001053,TP53,Mut
ACH-001053,FLT3,WT
ACH-001053,NPM1,WT
ACH-001060,TP53,Mut
ACH-001060,FLT3,WT
ACH-001060,NPM1,WT
ACH-001061,TP53,Mut
ACH-001061,FLT3,WT
ACH-001061,NPM1,WT
ACH-001063,TP53,Mut
ACH-001063,FLT3,WT
ACH-001063,NPM1,WT
ACH-001064,TP53,Mut
ACH-001064,FLT3,WT
ACH-001064,NPM1,WT
ACH-001065,TP53,Mut
ACH-001065,FLT3,WT
ACH-001065,NPM1,WT
ACH-001066,TP53,Mut
ACH-001066,FLT3,WT
ACH-001066,NPM1,WT
ACH-001072,TP53,Mut
ACH-001072,FLT3,WT
ACH-001072,NPM1,WT
ACH-001081,TP53,Mut
ACH-001081,FLT3,Mut
ACH-001081,NPM1,WT
ACH-001089,TP53,Mut
ACH-001089,FLT3,WT
ACH-001089,NPM1,WT
ACH-001090,TP53,Mut
ACH-001090,FLT3,WT
ACH-001090,NPM1,WT
ACH-001094,TP53,Mut
ACH-001094,FLT3,WT
ACH-001094,NPM1,WT
ACH-001098,TP53,Mut
ACH-001098,FLT3,WT
ACH-001098,NPM1,WT
ACH-001100,TP53,Mut
ACH-001100,FLT3,WT
ACH-001100,NPM1,WT
ACH-001106,TP53,Mut
ACH-001106,FLT3,WT
ACH-001106,NPM1,WT
ACH-001107,TP53,Mut
ACH-001107,FLT3,WT
ACH-001107,NPM1,WT
ACH-001113,TP53,Mut
ACH-001113,FLT3,WT
ACH-001113,NPM1,WT
ACH-001118,TP53,Mut
ACH-001118,FLT3,WT
ACH-001118,NPM1,WT
ACH-001125,TP53,Mut
ACH-001125,FLT3,WT
ACH-001125,NPM1,WT
ACH-001126,TP53,Mut
ACH-001126,FLT3,WT
ACH-001126,NPM1,WT
ACH-001127,TP53,Mut
ACH-001127,FLT3,Mut
ACH-001127,NPM1,WT
ACH-001129,TP53,Mut
ACH-001129,FLT3,Mut
ACH-001129,NPM1,WT
ACH-001130,TP53,Mut
ACH-001130,FLT3,WT
ACH-001130,NPM1,WT
ACH-001131,TP53,Mut
ACH-001131,FLT3,WT
ACH-001131,NPM1,WT
ACH-001132,TP53,Mut
ACH-001132,FLT3,WT
ACH-001132,NPM1,WT
ACH-001136,TP53,Mut
ACH-001136,FLT3,WT
ACH-001136,NPM1,WT
ACH-001137,TP53,Mut
ACH-001137,FLT3,WT
ACH-001137,NPM1,WT
ACH-001138,TP53,Mut
ACH-001138,FLT3,WT
ACH-001138,NPM1,WT
ACH-001143,TP53,Mut
ACH-001143,FLT3,WT
ACH-001143,NPM1,WT
ACH-001145,TP53,Mut
ACH-001145,FLT3,WT
ACH-001145,NPM1,WT
ACH-001147,TP53,Mut
ACH-001147,FLT3,WT
ACH-001147,NPM1,WT
ACH-001162,TP53,Mut
ACH-001162,FLT3,WT
ACH-001162,NPM1,WT
ACH-001163,TP53,Mut
ACH-001163,FLT3,WT
ACH-001163,NPM1,WT
ACH-001172,TP53,Mut
ACH-001172,FLT3,WT
ACH-001172,NPM1,WT
ACH-001183,TP53,Mut
ACH-001183,FLT3,WT
ACH-001183,NPM1,WT
ACH-001190,TP53,Mut
ACH-001190,FLT3,WT
ACH-001190,NPM1,WT
ACH-001192,TP53,Mut
ACH-001192,FLT3,WT
ACH-001192,NPM1,WT
ACH-001193,TP53,Mut
ACH-001193,FLT3,WT
ACH-001193,NPM1,WT
ACH-001194,TP53,Mut
ACH-001194,FLT3,WT
ACH-001194,NPM1,WT
ACH-001196,TP53,Mut
ACH-001196,FLT3,WT
ACH-001196,NPM1,WT
ACH-001197,TP53,Mut
ACH-001197,FLT3,WT
ACH-001197,NPM1,WT
ACH-001199,TP53,Mut
ACH-001199,FLT3,WT
ACH-001199,NPM1,WT
ACH-001201,TP53,Mut
ACH-001201,FLT3,WT
ACH-001201,NPM1,WT
ACH-001206,TP53,Mut
ACH-001206,FLT3,WT
ACH-001206,NPM1,WT
ACH-001208,TP53,Mut
ACH-001208,FLT3,WT
ACH-001208,NPM1,WT
ACH-001214,TP53,Mut
ACH-001214,FLT3,WT
ACH-001214,NPM1,WT
ACH-001230,TP53,Mut
ACH-001230,FLT3,WT
ACH-001230,NPM1,WT
ACH-001232,TP53,Mut
ACH-001232,FLT3,WT
ACH-001232,NPM1,WT
ACH-001233,TP53,Mut
ACH-001233,FLT3,WT
ACH-001233,NPM1,WT
ACH-001234,TP53,Mut
ACH-001234,FLT3,WT
ACH-001234,NPM1,WT
ACH-001277,TP53,Mut
ACH-001277,FLT3,WT
ACH-001277,NPM1,WT
ACH-001280,TP53,Mut
ACH-001280,FLT3,WT
ACH-001280,NPM1,WT
ACH-001283,TP53,Mut
ACH-001283,FLT3,WT
ACH-001283,NPM1,WT
ACH-001306,TP53,Mut
ACH-001306,FLT3,WT
ACH-001306,NPM1,WT
ACH-001307,TP53,Mut
ACH-001307,FLT3,WT
ACH-001307,NPM1,WT
ACH-001318,TP53,Mut
ACH-001318,FLT3,WT
ACH-001318,NPM1,WT
ACH-001328,TP53,Mut
ACH-001328,FLT3,WT
ACH-001328,NPM1,WT
ACH-001332,TP53,Mut
ACH-001332,FLT3,WT
ACH-001332,NPM1,WT
ACH-001333,TP53,Mut
ACH-001333,FLT3,WT
ACH-001333,NPM1,WT
ACH-001339,TP53,Mut
ACH-001339,FLT3,WT
ACH-001339,NPM1,WT
ACH-001340,TP53,Mut
ACH-001340,FLT3,WT
ACH-001340,NPM1,WT
ACH-001345,TP53,WT
ACH-001345,FLT3,Mut
ACH-001345,NPM1,WT
ACH-001346,TP53,Mut
ACH-001346,FLT3,WT
ACH-001346,NPM1,WT
ACH-001347,TP53,Mut
ACH-001347,FLT3,WT
ACH-001347,NPM1,WT
ACH-001350,TP53,Mut
ACH-001350,FLT3,WT
ACH-001350,NPM1,WT
ACH-001353,TP53,Mut
ACH-001353,FLT3,WT
ACH-001353,NPM1,WT
ACH-001354,TP53,Mut
ACH-001354,FLT3,WT
ACH-001354,NPM1,WT
ACH-001355,TP53,Mut
ACH-001355,FLT3,WT
ACH-001355,NPM1,WT
ACH-001356,TP53,Mut
ACH-001356,FLT3,WT
ACH-001356,NPM1,WT
ACH-001358,TP53,Mut
ACH-001358,FLT3,WT
ACH-001358,NPM1,WT
ACH-001362,TP53,Mut
ACH-001362,FLT3,WT
ACH-001362,NPM1,WT
ACH-001363,TP53,Mut
ACH-001363,FLT3,WT
ACH-001363,NPM1,WT
ACH-001364,TP53,Mut
ACH-001364,FLT3,Mut
ACH-001364,NPM1,WT
ACH-001365,TP53,Mut
ACH-001365,FLT3,WT
ACH-001365,NPM1,WT
ACH-001366,TP53,Mut
ACH-001366,FLT3,WT
ACH-001366,NPM1,WT
ACH-001368,TP53,Mut
ACH-001368,FLT3,WT
ACH-001368,NPM1,WT
ACH-001369,TP53,Mut
ACH-001369,FLT3,WT
ACH-001369,NPM1,WT
ACH-001370,TP53,Mut
ACH-001370,FLT3,WT
ACH-001370,NPM1,WT
ACH-001373,TP53,Mut
ACH-001373,FLT3,WT
ACH-001373,NPM1,WT
ACH-001375,TP53,Mut
ACH-001375,FLT3,WT
ACH-001375,NPM1,WT
ACH-001376,TP53,Mut
ACH-001376,FLT3,WT
ACH-001376,NPM1,WT
ACH-001379,TP53,Mut
ACH-001379,FLT3,WT
ACH-001379,NPM1,WT
ACH-001380,TP53,Mut
ACH-001380,FLT3,WT
ACH-001380,NPM1,WT
ACH-001382,TP53,Mut
ACH-001382,FLT3,WT
ACH-001382,NPM1,WT
ACH-001384,TP53,Mut
ACH-001384,FLT3,WT
ACH-001384,NPM1,WT
ACH-001386,TP53,Mut
ACH-001386,FLT3,WT
ACH-001386,NPM1,WT
ACH-001389,TP53,Mut
ACH-001389,FLT3,WT
ACH-001389,NPM1,WT
ACH-001390,TP53,Mut
ACH-001390,FLT3,WT
ACH-001390,NPM1,WT
ACH-001391,TP53,Mut
ACH-001391,FLT3,WT
ACH-001391,NPM1,WT
ACH-001392,TP53,Mut
ACH-001392,FLT3,WT
ACH-001392,NPM1,WT
ACH-001393,TP53,Mut
ACH-001393,FLT3,WT
ACH-001393,NPM1,WT
ACH-001394,TP53,Mut
ACH-001394,FLT3,WT
ACH-001394,NPM1,WT
ACH-001395,TP53,Mut
ACH-001395,FLT3,WT
ACH-001395,NPM1,WT
ACH-001396,TP53,Mut
ACH-001396,FLT3,WT
ACH-001396,NPM1,WT
ACH-001399,TP53,Mut
ACH-001399,FLT3,WT
ACH-001399,NPM1,WT
ACH-001400,TP53,Mut
ACH-001400,FLT3,WT
ACH-001400,NPM1,WT
ACH-001401,TP53,Mut
ACH-001401,FLT3,WT
ACH-001401,NPM1,WT
ACH-001403,TP53,Mut
ACH-001403,FLT3,WT
ACH-001403,NPM1,WT
ACH-001407,TP53,Mut
ACH-001407,FLT3,WT
ACH-001407,NPM1,WT
ACH-001408,TP53,Mut
ACH-001408,FLT3,WT
ACH-001408,NPM1,WT
ACH-001409,TP53,Mut
ACH-001409,FLT3,WT
ACH-001409,NPM1,WT
ACH-001410,TP53,Mut
ACH-001410,FLT3,WT
ACH-001410,NPM1,WT
ACH-001411,TP53,Mut
ACH-001411,FLT3,WT
ACH-001411,NPM1,WT
ACH-001412,TP53,Mut
ACH-001412,FLT3,WT
ACH-001412,NPM1,WT
ACH-001413,TP53,WT
ACH-001413,FLT3,Mut
ACH-001413,NPM1,WT
ACH-001415,TP53,Mut
ACH-001415,FLT3,WT
ACH-001415,NPM1,WT
ACH-001416,TP53,Mut
ACH-001416,FLT3,WT
ACH-001416,NPM1,WT
ACH-001417,TP53,Mut
ACH-001417,FLT3,WT
ACH-001417,NPM1,WT
ACH-001418,TP53,Mut
ACH-001418,FLT3,WT
ACH-001418,NPM1,WT
ACH-001419,TP53,Mut
ACH-001419,FLT3,WT
ACH-001419,NPM1,WT
ACH-001421,TP53,Mut
ACH-001421,FLT3,WT
ACH-001421,NPM1,WT
ACH-001433,TP53,Mut
ACH-001433,FLT3,WT
ACH-001433,NPM1,WT
ACH-001442,TP53,Mut
ACH-001442,FLT3,WT
ACH-001442,NPM1,WT
ACH-001443,TP53,Mut
ACH-001443,FLT3,WT
ACH-001443,NPM1,WT
ACH-001450,TP53,Mut
ACH-001450,FLT3,WT
ACH-001450,NPM1,WT
ACH-001454,TP53,WT
ACH-001454,FLT3,Mut
ACH-001454,NPM1,WT
ACH-001458,TP53,Mut
ACH-001458,FLT3,WT
ACH-001458,NPM1,WT
ACH-001459,TP53,Mut
ACH-001459,FLT3,WT
ACH-001459,NPM1,WT
ACH-001460,TP53,Mut
ACH-001460,FLT3,WT
ACH-001460,NPM1,WT
ACH-001489,TP53,Mut
ACH-001489,FLT3,WT
ACH-001489,NPM1,WT
ACH-001490,TP53,Mut
ACH-001490,FLT3,WT
ACH-001490,NPM1,WT
ACH-001494,TP53,Mut
ACH-001494,FLT3,WT
ACH-001494,NPM1,WT
ACH-001495,TP53,Mut
ACH-001495,FLT3,WT
ACH-001495,NPM1,WT
ACH-001496,TP53,Mut
ACH-001496,FLT3,WT
ACH-001496,NPM1,WT
ACH-001497,TP53,Mut
ACH-001497,FLT3,WT
ACH-001497,NPM1,WT
ACH-001498,TP53,Mut
ACH-001498,FLT3,Mut
ACH-001498,NPM1,WT
ACH-001500,TP53,Mut
ACH-001500,FLT3,WT
ACH-001500,NPM1,WT
ACH-001509,TP53,Mut
ACH-001509,FLT3,WT
ACH-001509,NPM1,WT
ACH-001510,TP53,Mut
ACH-001510,FLT3,WT
ACH-001510,NPM1,WT
ACH-001513,TP53,Mut
ACH-001513,FLT3,WT
ACH-001513,NPM1,WT
ACH-001517,TP53,Mut
ACH-001517,FLT3,Mut
ACH-001517,NPM1,WT
ACH-001521,TP53,Mut
ACH-001521,FLT3,WT
ACH-001521,NPM1,WT
ACH-001523,TP53,Mut
ACH-001523,FLT3,WT
ACH-001523,NPM1,WT
ACH-001525,TP53,Mut
ACH-001525,FLT3,WT
ACH-001525,NPM1,WT
ACH-001533,TP53,Mut
ACH-001533,FLT3,WT
ACH-001533,NPM1,WT
ACH-001538,TP53,Mut
ACH-001538,FLT3,WT
ACH-001538,NPM1,WT
ACH-001539,TP53,Mut
ACH-001539,FLT3,WT
ACH-001539,NPM1,WT
ACH-001541,TP53,Mut
ACH-001541,FLT3,WT
ACH-001541,NPM1,WT
ACH-001542,TP53,Mut
ACH-001542,FLT3,WT
ACH-001542,NPM1,WT
ACH-001543,TP53,Mut
ACH-001543,FLT3,WT
ACH-001543,NPM1,WT
ACH-001544,TP53,Mut
ACH-001544,FLT3,WT
ACH-001544,NPM1,WT
ACH-001549,TP53,Mut
ACH-001549,FLT3,WT
ACH-001549,NPM1,WT
ACH-001550,TP53,Mut
ACH-001550,FLT3,Mut
ACH-001550,NPM1,WT
ACH-001551,TP53,Mut
ACH-001551,FLT3,WT
ACH-001551,NPM1,WT
ACH-001552,TP53,Mut
ACH-001552,FLT3,WT
ACH-001552,NPM1,WT
ACH-001559,TP53,Mut
ACH-001559,FLT3,WT
ACH-001559,NPM1,WT
ACH-001569,TP53,Mut
ACH-001569,FLT3,WT
ACH-001569,NPM1,WT
ACH-001573,TP53,Mut
ACH-001573,FLT3,WT
ACH-001573,NPM1,WT
ACH-001578,TP53,Mut
ACH-001578,FLT3,WT
ACH-001578,NPM1,Mut
ACH-001591,TP53,Mut
ACH-001591,FLT3,WT
ACH-001591,NPM1,WT
ACH-001599,TP53,Mut
ACH-001599,FLT3,WT
ACH-001599,NPM1,WT
ACH-001605,TP53,Mut
ACH-001605,FLT3,WT
ACH-001605,NPM1,WT
ACH-001606,TP53,Mut
ACH-001606,FLT3,WT
ACH-001606,NPM1,WT
ACH-001607,TP53,Mut
ACH-001607,FLT3,WT
ACH-001607,NPM1,WT
ACH-001608,TP53,Mut
ACH-001608,FLT3,WT
ACH-001608,NPM1,WT
ACH-001609,TP53,Mut
ACH-001609,FLT3,WT
ACH-001609,NPM1,WT
ACH-001610,TP53,Mut
ACH-001610,FLT3,WT
ACH-001610,NPM1,WT
ACH-001617,TP53,Mut
ACH-001617,FLT3,WT
ACH-001617,NPM1,WT
ACH-001618,TP53,Mut
ACH-001618,FLT3,WT
ACH-001618,NPM1,WT
ACH-001619,TP53,Mut
ACH-001619,FLT3,WT
ACH-001619,NPM1,WT
ACH-001623,TP53,Mut
ACH-001623,FLT3,Mut
ACH-001623,NPM1,WT
ACH-001625,TP53,Mut
ACH-001625,FLT3,WT
ACH-001625,NPM1,WT
ACH-001626,TP53,Mut
ACH-001626,FLT3,WT
ACH-001626,NPM1,WT
ACH-001630,TP53,Mut
ACH-001630,FLT3,WT
ACH-001630,NPM1,WT
ACH-001632,TP53,Mut
ACH-001632,FLT3,WT
ACH-001632,NPM1,WT
ACH-001636,TP53,Mut
ACH-001636,FLT3,WT
ACH-001636,NPM1,WT
ACH-001639,TP53,Mut
ACH-001639,FLT3,WT
ACH-001639,NPM1,WT
ACH-001641,TP53,Mut
ACH-001641,FLT3,WT
ACH-001641,NPM1,WT
ACH-001647,TP53,Mut
ACH-001647,FLT3,WT
ACH-001647,NPM1,WT
ACH-001653,TP53,Mut
ACH-001653,FLT3,WT
ACH-001653,NPM1,WT
ACH-001654,TP53,Mut
ACH-001654,FLT3,WT
ACH-001654,NPM1,WT
ACH-001655,TP53,Mut
ACH-001655,FLT3,WT
ACH-001655,NPM1,WT
ACH-001656,TP53,Mut
ACH-001656,FLT3,WT
ACH-001656,NPM1,WT
ACH-001669,TP53,Mut
ACH-001669,FLT3,WT
ACH-001669,NPM1,WT
ACH-001670,TP53,Mut
ACH-001670,FLT3,WT
ACH-001670,NPM1,WT
ACH-001673,TP53,Mut
ACH-001673,FLT3,WT
ACH-001673,NPM1,WT
ACH-001674,TP53,Mut
ACH-001674,FLT3,WT
ACH-001674,NPM1,WT
ACH-001680,TP53,Mut
ACH-001680,FLT3,WT
ACH-001680,NPM1,WT
ACH-001694,TP53,Mut
ACH-001694,FLT3,WT
ACH-001694,NPM1,WT
ACH-001696,TP53,Mut
ACH-001696,FLT3,WT
ACH-001696,NPM1,WT
ACH-001698,TP53,Mut
ACH-001698,FLT3,WT
ACH-001698,NPM1,WT
ACH-001699,TP53,Mut
ACH-001699,FLT3,WT
ACH-001699,NPM1,WT
ACH-001701,TP53,Mut
ACH-001701,FLT3,WT
ACH-001701,NPM1,WT
ACH-001711,TP53,Mut
ACH-001711,FLT3,WT
ACH-001711,NPM1,WT
ACH-001719,TP53,Mut
ACH-001719,FLT3,WT
ACH-001719,NPM1,WT
ACH-001735,TP53,Mut
ACH-001735,FLT3,WT
ACH-001735,NPM1,WT
ACH-001736,TP53,Mut
ACH-001736,FLT3,Mut
ACH-001736,NPM1,WT
ACH-001737,TP53,WT
ACH-001737,FLT3,Mut
ACH-001737,NPM1,WT
ACH-001738,TP53,Mut
ACH-001738,FLT3,Mut
ACH-001738,NPM1,WT
ACH-001740,TP53,Mut
ACH-001740,FLT3,WT
ACH-001740,NPM1,WT
ACH-001745,TP53,Mut
ACH-001745,FLT3,Mut
ACH-001745,NPM1,WT
ACH-001765,TP53,Mut
ACH-001765,FLT3,WT
ACH-001765,NPM1,WT
